athlete_id,name,noc
athlete_rudolf_dombiroland_kökény,Rudolf DombiRoland Kökény,HUN
athlete_fernando_pimentaemanuel_silva,Fernando PimentaEmanuel Silva,POR
athlete_martin_hollsteinandreas_ihle,Martin HollsteinAndreas Ihle,GER
athlete_sven_kramer,Sven Kramer,NED
athlete_lee_seung_hoon,Lee Seung-hoon,KOR
athlete_ivan_skobrev,Ivan Skobrev,RUS
athlete_kristin_armstrong,Kristin Armstrong,USA
athlete_judith_arndt,Judith Arndt,GER
athlete_olga_zabelinskaya,Olga Zabelinskaya,RUS
athlete_simone_biles,Simone Biles,USA
athlete_aly_raisman,Aly Raisman,USA
athlete_aliya_mustafina,Aliya Mustafina,RUS
athlete_dayron_robles,Dayron Robles,CUB
athlete_david_payne,David Payne,USA
athlete_david_oliver,David Oliver,USA
athlete_félix_sánchez,Félix Sánchez,DOM
athlete_danny_mcfarlane,Danny McFarlane,JAM
athlete_naman_keïta,Naman Keïta,FRA
athlete_bryan_clay,Bryan Clay,USA
athlete_andrei_krauchanka,Andrei Krauchanka,BLR
athlete_leonel_suárez,Leonel Suárez,CUB
athlete_finn_christian_jagge,Finn Christian Jagge,NOR
athlete_alberto_tomba,Alberto Tomba,ITA
athlete_michael_tritscher,Michael Tritscher,AUT
athlete_michael_johnson,Michael Johnson,USA
athlete_alvin_harrison,Alvin Harrison,USA
athlete_gregory_haughton,Gregory Haughton,JAM
athlete_allison_jolly_lynne_jewell,Allison Jolly Lynne Jewell,USA
athlete_marit_söderström_birgitta_bengtsson,Marit Söderström Birgitta Bengtsson,SWE
athlete_larisa_moskalenko_iryna_chunykhovska,Larisa Moskalenko Iryna Chunykhovska,URS
athlete_viktor_ahn_semion_elistratov_vladimir_grigorev_ruslan_zakharov,Viktor Ahn Semion Elistratov Vladimir Grigorev Ruslan Zakharov,RUS
athlete_eddy_alvarez_j_r_celski_chris_creveling_jordan_malone,Eddy Alvarez J. R. Celski Chris Creveling Jordan Malone,USA
athlete_chen_dequan_han_tianyu_shi_jingnan_wu_dajing,Chen Dequan Han Tianyu Shi Jingnan Wu Dajing,CHN
athlete_istván_kovács,István Kovács,HUN
athlete_arnaldo_mesa,Arnaldo Mesa,CUB
athlete_vichairachanon_khadpo,Vichairachanon Khadpo,THA
athlete_lasha_talakhadze,Lasha Talakhadze,GEO
athlete_gor_minasyan,Gor Minasyan,ARM
athlete_irakli_turmanidze,Irakli Turmanidze,GEO
athlete_kosuke_kitajima,Kosuke Kitajima,JPN
athlete_brenton_rickard,Brenton Rickard,AUS
athlete_hugues_duboscq,Hugues Duboscq,FRA
athlete_manuela_di_centa,Manuela Di Centa,ITA
athlete_lyubov_yegorova,Lyubov Yegorova,RUS
athlete_nina_gavrylyuk,Nina Gavrylyuk,RUS
athlete_diana_mocanu,Diana Mocanu,ROM
athlete_roxana_maracineanu,Roxana Maracineanu,FRA
athlete_miki_nakao,Miki Nakao,JPN
athlete_oksen_mirzoyan,Oksen Mirzoyan,URS
athlete_he_yingqiang,He Yingqiang,CHN
athlete_liu_shoubin,Liu Shoubin,CHN
athlete_jin_jong_oh,Jin Jong-oh,KOR
athlete_tan_zongliang,Tan Zongliang,CHN
athlete_vladimir_isakov,Vladimir Isakov,RUS
athlete_claudia_pechstein,Claudia Pechstein,GER
athlete_renate_groenewold,Renate Groenewold,NED
athlete_cindy_klassen,Cindy Klassen,CAN
athlete_wang_meng,Wang Meng,CHN
athlete_evgenia_radanova,Evgenia Radanova,BUL
athlete_anouk_leblanc_boucher,Anouk Leblanc-Boucher,CAN
athlete_allison_schmitt,Allison Schmitt,USA
athlete_camille_muffat,Camille Muffat,FRA
athlete_bronte_barratt,Bronte Barratt,AUS
athlete_tyler_clary,Tyler Clary,USA
athlete_ryosuke_irie,Ryosuke Irie,JPN
athlete_ryan_lochte,Ryan Lochte,USA
athlete_kateřina_emmons,Kateřina Emmons,CZE
athlete_lioubov_galkina,Lioubov Galkina,RUS
athlete_snježana_pejčić,Snježana Pejčić,CRO
athlete_thomas_röhler,Thomas Röhler,GER
athlete_julius_yego,Julius Yego,KEN
athlete_keshorn_walcott,Keshorn Walcott,TTO
athlete_fredrik_lööfmax_salminen,Fredrik LööfMax Salminen,SWE
athlete_iain_percyandrew_simpson,Iain PercyAndrew Simpson,GBR
athlete_robert_scheidtbruno_prada,Robert ScheidtBruno Prada,BRA
athlete_reiichi_mikatatakanori_konokenji_ogiwara,Reiichi MikataTakanori KonoKenji Ogiwara,JPN
athlete_knut_tore_apelandfred_børre_lundbergtrond_einar_elden,Knut Tore ApelandFred Børre LundbergTrond Einar Elden,NOR
athlete_klaus_ofnerstefan_kreinerklaus_sulzenbacher,Klaus OfnerStefan KreinerKlaus Sulzenbacher,AUT
athlete_olga_brusnikinamaria_kisseleva,Olga BrusnikinaMaria Kisseleva,RUS
athlete_miya_tachibanamiho_takeda,Miya TachibanaMiho Takeda,JPN
athlete_virginie_dedieumyriam_lignot,Virginie DedieuMyriam Lignot,FRA
athlete_adelina_sotnikova,Adelina Sotnikova,RUS
athlete_yuna_kim,Yuna Kim,KOR
athlete_carolina_kostner,Carolina Kostner,ITA
athlete_joachim_kunz,Joachim Kunz,GDR
athlete_israel_militosyan,Israel Militosyan,URS
athlete_li_jinhe,Li Jinhe,CHN
athlete_somluck_kamsing,Somluck Kamsing,THA
athlete_serafim_todorov,Serafim Todorov,BUL
athlete_pablo_chacón,Pablo Chacón,ARG
athlete_hadi_saei,Hadi Saei,IRI
athlete_mauro_sarmiento,Mauro Sarmiento,ITA
athlete_zhu_guo,Zhu Guo,CHN
athlete_ekaterina_karsten,Ekaterina Karsten,BLR
athlete_rumyana_neykova,Rumyana Neykova,BUL
athlete_katrin_rutschow_stomporowski,Katrin Rutschow-Stomporowski,GER
athlete_grant_hackett,Grant Hackett,AUS
athlete_kieren_perkins,Kieren Perkins,AUS
athlete_chris_thompson,Chris Thompson,USA
athlete_tamara_tikhonova,Tamara Tikhonova,URS
athlete_anfisa_reztsova,Anfisa Reztsova,URS
athlete_raisa_smetanina,Raisa Smetanina,URS
athlete_gabriela_szabo,Gabriela Szabo,ROM
athlete_sonia_osullivan,Sonia O'Sullivan,IRL
athlete_gete_wami,Gete Wami,ETH
athlete_thomas_stangassinger,Thomas Stangassinger,AUT
athlete_jure_košir,Jure Košir,SLO
athlete_andrey_silnov,Andrey Silnov,RUS
athlete_germaine_mason,Germaine Mason,GBR
athlete_yaroslav_rybakov,Yaroslav Rybakov,RUS
athlete_ruth_beitia,Ruth Beitia,ESP
athlete_mirela_demireva,Mirela Demireva,BUL
athlete_blanka_vlašić,Blanka Vlašić,CRO
