doc_id,title,url,wikidata_qid,wikipedia_pageid,approx_tokens
Q303623,Canoeing at the 2012 Summer Olympics – Men's K-2 1000 metres,https://en.wikipedia.org/wiki/Canoeing_at_the_2012_Summer_Olympics_%E2%80%93_Men%27s_K-2_1000_metres,Q303623,35771859,704
Q607635,Speed skating at the 2010 Winter Olympics – Men's 5000 metres,https://en.wikipedia.org/wiki/Speed_skating_at_the_2010_Winter_Olympics_%E2%80%93_Men%27s_5000_metres,Q607635,25346743,483
Q939000,Cycling at the 2012 Summer Olympics – Women's road time trial,https://en.wikipedia.org/wiki/Cycling_at_the_2012_Summer_Olympics_%E2%80%93_Women%27s_road_time_trial,Q939000,35702360,550
Q26233801,Gymnastics at the 2016 Summer Olympics – Women's artistic individual all-around,https://en.wikipedia.org/wiki/Gymnastics_at_the_2016_Summer_Olympics_%E2%80%93_Women%27s_artistic_individual_all-around,Q26233801,47285535,1288
Q743905,Athletics at the 2008 Summer Olympics – Men's 110 metres hurdles,https://en.wikipedia.org/wiki/Athletics_at_the_2008_Summer_Olympics_%E2%80%93_Men%27s_110_metres_hurdles,Q743905,18578891,2764
Q1433269,Athletics at the 2004 Summer Olympics – Men's 400 metres hurdles,https://en.wikipedia.org/wiki/Athletics_at_the_2004_Summer_Olympics_%E2%80%93_Men%27s_400_metres_hurdles,Q1433269,913276,2220
Q1005784,Athletics at the 2008 Summer Olympics – Men's decathlon,https://en.wikipedia.org/wiki/Athletics_at_the_2008_Summer_Olympics_%E2%80%93_Men%27s_decathlon,Q1005784,18578929,1254
Q1005641,Alpine skiing at the 1992 Winter Olympics – Men's slalom,https://en.wikipedia.org/wiki/Alpine_skiing_at_the_1992_Winter_Olympics_%E2%80%93_Men%27s_slalom,Q1005641,41539995,1021
Q3628768,Athletics at the 2000 Summer Olympics – Men's 400 metres,https://en.wikipedia.org/wiki/Athletics_at_the_2000_Summer_Olympics_%E2%80%93_Men%27s_400_metres,Q3628768,19332554,3686
Q7400295,Sailing at the 1988 Summer Olympics – Women's 470,https://en.wikipedia.org/wiki/Sailing_at_the_1988_Summer_Olympics_%E2%80%93_Women%27s_470,Q7400295,30679523,733
Q15506518,Short-track speed skating at the 2014 Winter Olympics – Men's 5000 metre relay,https://en.wikipedia.org/wiki/Short-track_speed_skating_at_the_2014_Winter_Olympics_%E2%80%93_Men%27s_5000_metre_relay,Q15506518,41437596,562
Q4951829,Boxing at the 1996 Summer Olympics – Bantamweight,https://en.wikipedia.org/wiki/Boxing_at_the_1996_Summer_Olympics_%E2%80%93_Bantamweight,Q4951829,25222940,188
Q26212143,Weightlifting at the 2016 Summer Olympics – Men's +105 kg,https://en.wikipedia.org/wiki/Weightlifting_at_the_2016_Summer_Olympics_%E2%80%93_Men%27s_%2B105_kg,Q26212143,47045069,760
Q250187,Swimming at the 2008 Summer Olympics – Men's 200 metre breaststroke,https://en.wikipedia.org/wiki/Swimming_at_the_2008_Summer_Olympics_%E2%80%93_Men%27s_200_metre_breaststroke,Q250187,18624792,1312
Q1221945,Cross-country skiing at the 1994 Winter Olympics – Women's 15 kilometre freestyle,https://en.wikipedia.org/wiki/Cross-country_skiing_at_the_1994_Winter_Olympics_%E2%80%93_Women%27s_15_kilometre_freestyle,Q1221945,59891509,603
Q3879591,Swimming at the 2000 Summer Olympics – Women's 200 metre backstroke,https://en.wikipedia.org/wiki/Swimming_at_the_2000_Summer_Olympics_%E2%80%93_Women%27s_200_metre_backstroke,Q3879591,12427276,1032
Q25239321,Weightlifting at the 1988 Summer Olympics – Men's 56 kg,https://en.wikipedia.org/wiki/Weightlifting_at_the_1988_Summer_Olympics_%E2%80%93_Men%27s_56_kg,Q25239321,47668483,709
Q1205250,Shooting at the 2008 Summer Olympics – Men's 50 metre pistol,https://en.wikipedia.org/wiki/Shooting_at_the_2008_Summer_Olympics_%E2%80%93_Men%27s_50_metre_pistol,Q1205250,18640044,2004
Q766586,Speed skating at the 2002 Winter Olympics – Women's 3000 metres,https://en.wikipedia.org/wiki/Speed_skating_at_the_2002_Winter_Olympics_%E2%80%93_Women%27s_3000_metres,Q766586,26087715,606
Q850246,Short-track speed skating at the 2006 Winter Olympics – Women's 500 metres,https://en.wikipedia.org/wiki/Short-track_speed_skating_at_the_2006_Winter_Olympics_%E2%80%93_Women%27s_500_metres,Q850246,22964210,872
Q2071152,Swimming at the 2012 Summer Olympics – Women's 200 metre freestyle,https://en.wikipedia.org/wiki/Swimming_at_the_2012_Summer_Olympics_%E2%80%93_Women%27s_200_metre_freestyle,Q2071152,34236379,1125
Q2071160,Swimming at the 2012 Summer Olympics – Men's 200 metre backstroke,https://en.wikipedia.org/wiki/Swimming_at_the_2012_Summer_Olympics_%E2%80%93_Men%27s_200_metre_backstroke,Q2071160,34236408,1897
Q1520721,Jab We Met,https://en.wikipedia.org/wiki/Jab_We_Met,Q1520721,9803762,4871
Q1204722,Shooting at the 2008 Summer Olympics – Women's 10 metre air rifle,https://en.wikipedia.org/wiki/Shooting_at_the_2008_Summer_Olympics_%E2%80%93_Women%27s_10_metre_air_rifle,Q1204722,18653023,1356
Q26208755,Athletics at the 2016 Summer Olympics – Men's javelin throw,https://en.wikipedia.org/wiki/Athletics_at_the_2016_Summer_Olympics_%E2%80%93_Men%27s_javelin_throw,Q26208755,45151333,1325
Q2500292,Sailing at the 2012 Summer Olympics – Star,https://en.wikipedia.org/wiki/Sailing_at_the_2012_Summer_Olympics_%E2%80%93_Star,Q2500292,35821129,405
Q870647,Nordic combined at the 1992 Winter Olympics – Team,https://en.wikipedia.org/wiki/Nordic_combined_at_the_1992_Winter_Olympics_%E2%80%93_Team,Q870647,34120256,553
Q7662173,Synchronized swimming at the 2000 Summer Olympics – Women's duet,https://en.wikipedia.org/wiki/Synchronized_swimming_at_the_2000_Summer_Olympics_%E2%80%93_Women%27s_duet,Q7662173,38096016,869
Q15619183,Figure skating at the 2014 Winter Olympics – Women's singles,https://en.wikipedia.org/wiki/Figure_skating_at_the_2014_Winter_Olympics_%E2%80%93_Women%27s_singles,Q15619183,40070152,4137
Q25239533,Weightlifting at the 1988 Summer Olympics – Men's 67.5 kg,https://en.wikipedia.org/wiki/Weightlifting_at_the_1988_Summer_Olympics_%E2%80%93_Men%27s_67.5_kg,Q25239533,50513134,861
Q4951830,Boxing at the 1996 Summer Olympics – Featherweight,https://en.wikipedia.org/wiki/Boxing_at_the_1996_Summer_Olympics_%E2%80%93_Featherweight,Q4951830,25231704,302
Q1005783,Taekwondo at the 2008 Summer Olympics – Men's 80 kg,https://en.wikipedia.org/wiki/Taekwondo_at_the_2008_Summer_Olympics_%E2%80%93_Men%27s_80_kg,Q1005783,18661883,934
Q7372012,Rowing at the 2000 Summer Olympics – Women's single sculls,https://en.wikipedia.org/wiki/Rowing_at_the_2000_Summer_Olympics_%E2%80%93_Women%27s_single_sculls,Q7372012,37566547,1673
Q633839,VIA Technologies,https://en.wikipedia.org/wiki/VIA_Technologies,Q633839,207567,1832
Q3879590,Swimming at the 2000 Summer Olympics – Men's 1500 metre freestyle,https://en.wikipedia.org/wiki/Swimming_at_the_2000_Summer_Olympics_%E2%80%93_Men%27s_1500_metre_freestyle,Q3879590,12384714,898
Q635569,Dead Ringers (film),https://en.wikipedia.org/wiki/Dead_Ringers_%28film%29,Q635569,826482,3268
Q1533901,Gods and Generals (film),https://en.wikipedia.org/wiki/Gods_and_Generals_%28film%29,Q1533901,8398222,4938
Q1221969,Cross-country skiing at the 1988 Winter Olympics – Women's 20 kilometre freestyle,https://en.wikipedia.org/wiki/Cross-country_skiing_at_the_1988_Winter_Olympics_%E2%80%93_Women%27s_20_kilometre_freestyle,Q1221969,56613192,596
Q3628769,Athletics at the 2000 Summer Olympics – Women's 5000 metres,https://en.wikipedia.org/wiki/Athletics_at_the_2000_Summer_Olympics_%E2%80%93_Women%27s_5000_metres,Q3628769,27239554,1716
Q1005640,Alpine skiing at the 1994 Winter Olympics – Men's slalom,https://en.wikipedia.org/wiki/Alpine_skiing_at_the_1994_Winter_Olympics_%E2%80%93_Men%27s_slalom,Q1005640,41144163,789
Q625713,BHP,https://en.wikipedia.org/wiki/BHP,Q625713,200825,6918
Q1326918,Ethiopian Airlines Flight 961,https://en.wikipedia.org/wiki/Ethiopian_Airlines_Flight_961,Q1326918,383735,3700
Q1520122,Getty Images,https://en.wikipedia.org/wiki/Getty_Images,Q1520122,331020,4623
Q49104,2006 Lebanon War,https://en.wikipedia.org/wiki/2006_Lebanon_War,Q49104,6299613,23767
Q744487,Athletics at the 2008 Summer Olympics – Men's high jump,https://en.wikipedia.org/wiki/Athletics_at_the_2008_Summer_Olympics_%E2%80%93_Men%27s_high_jump,Q744487,18578971,1899
Q11240,1993 World Trade Center bombing,https://en.wikipedia.org/wiki/1993_World_Trade_Center_bombing,Q11240,46815127,6217
Q1519075,Saawariya,https://en.wikipedia.org/wiki/Saawariya,Q1519075,5267049,2218
Q1137047,Hainan Island incident,https://en.wikipedia.org/wiki/Hainan_Island_incident,Q1137047,2243939,3666
Q26233821,Athletics at the 2016 Summer Olympics – Women's high jump,https://en.wikipedia.org/wiki/Athletics_at_the_2016_Summer_Olympics_%E2%80%93_Women%27s_high_jump,Q26233821,45151566,1416
Q8342,Robert Legato,https://en.wikipedia.org/wiki/Robert_Legato,Q8342,34495504,670
