games_id,name,year,season
games_2012_summer,2012 Summer Olympics,2012,Summer
games_2010_winter,2010 Winter Olympics,2010,Winter
games_2016_summer,2016 Summer Olympics,2016,Summer
games_2008_summer,2008 Summer Olympics,2008,Summer
games_2004_summer,2004 Summer Olympics,2004,Summer
games_1992_winter,1992 Winter Olympics,1992,Winter
games_2000_summer,2000 Summer Olympics,2000,Summer
games_1984_summer,1984 Summer Olympics,1984,Summer
games_2014_winter,2014 Winter Olympics,2014,Winter
games_1996_summer,1996 Summer Olympics,1996,Summer
games_1994_winter,1994 Winter Olympics,1994,Winter
games_1988_summer,1988 Summer Olympics,1988,Summer
games_2002_winter,2002 Winter Olympics,2002,Winter
games_2006_winter,2006 Winter Olympics,2006,Winter
games_1988_winter,1988 Winter Olympics,1988,Winter
games_1992_summer,1992 Summer Olympics,1992,Summer
games_1998_winter,1998 Winter Olympics,1998,Winter
games_1984_winter,1984 Winter Olympics,1984,Winter
