source,target,date_str
event_Q303623,venue_eton_dorney,6 to 8 August
event_Q607635,venue_richmond_olympic_oval,13 February 2010
event_Q939000,venue_london_and_surrey,1 August
event_Q26233801,venue_arena_olímpica_do_rio,11 August
event_Q743905,venue_beijing_national_stadium,August 18 (heats)August 20 (semifinals)August 21 (final)
event_Q1433269,venue_athens_olympic_stadium,23–26 August
event_Q1005784,venue_beijing_national_stadium,August 21–22
event_Q1005641,venue_les_ménuires,"February 22, 1992"
event_Q3628768,venue_stadium_australia,22–25 September
event_Q7400295,venue_busan부산釜山,20–27 September
event_Q15506518,venue_iceberg_skating_palace_sochi_russia,13 February 2014 (semifinal) 21 February 2014 (final)
event_Q4951829,venue_alexander_memorial_coliseum,20 July – 3 August 1996
event_Q26212143,venue_riocentro,16 August 2016
event_Q250187,venue_beijing_national_aquatics_center,"August 12, 2008 (heats)August 13, 2008 (semifinals)August 14, 2008 (final)"
event_Q1221945,venue_birkebeineren_ski_stadium,13 February 1994
event_Q3879591,venue_sydney_international_aquatic_centre,"September 21, 2000 (heats &semifinals)September 22, 2000 (final)"
event_Q25239321,venue_olympic_weightlifting_gymnasium,19 September 1988
event_Q1205250,venue_beijing_shooting_range_hall,"August 12, 2008"
event_Q766586,venue_utah_olympic_oval,"February 10, 2002"
event_Q850246,venue_torino_palavela,12–15 February 2006
event_Q2071152,venue_london_aquatics_centre,"July 30, 2012 (heats &semifinals)July 31, 2012 (final)"
event_Q2071160,venue_london_aquatics_centre,"August 1, 2012 (heats & semifinals)August 2, 2012 (final)"
event_Q1204722,venue_beijing_shooting_range_hall,"August 9, 2008"
event_Q26208755,venue_olympic_stadium,17 August 2016 (qualifications)20 August 2016 (final)
event_Q2500292,venue_weymouth_and_portland_national_sailing_academy,29 July – 5 August
event_Q870647,venue_courchevel_ski_jumpingles_saisies_cross_country_skiing,17–18 February
event_Q7662173,venue_sydney_international_aquatic_centre,24–26 September
event_Q15619183,venue_iceberg_skating_palacesochi_russia,19–20 February 2014
event_Q25239533,venue_olympic_weightlifting_gymnasium,21 September 1988
event_Q4951830,venue_alexander_memorial_coliseum,22 July – 4 August 1996
event_Q1005783,venue_beijing_science_and_technology_university_gymnasium,22 August 2008
event_Q7372012,venue_sydney_international_regatta_centre,17–23 September 2000
event_Q3879590,venue_sydney_international_aquatic_centre,"September 22, 2000 (heats)September 23, 2000 (final)"
event_Q1221969,venue_canmore_nordic_centre,25 February 1988
event_Q3628769,venue_anz_stadium,22 September 2000 (heats)25 September 2000 (final)
event_Q1005640,venue_hafjell,"February 27, 1994"
event_Q744487,venue_beijing_olympic_stadium,17 August 2008 (qualifying)19 August 2008 (final)
event_Q26233821,venue_olympic_stadium,18 August 2016 (qualification)20 August 2016 (final)
