source,target,year
event_Q303623,games_2012_summer,2012
event_Q607635,games_2010_winter,2010
event_Q939000,games_2012_summer,2012
event_Q26233801,games_2016_summer,2016
event_Q743905,games_2008_summer,2008
event_Q1433269,games_2004_summer,2004
event_Q1005784,games_2008_summer,2008
event_Q1005641,games_1992_winter,1992
event_Q3628768,games_2000_summer,2000
event_Q7400295,games_1984_summer,1984
event_Q15506518,games_2014_winter,2014
event_Q4951829,games_1996_summer,1996
event_Q26212143,games_2016_summer,2016
event_Q250187,games_2008_summer,2008
event_Q1221945,games_1994_winter,1994
event_Q3879591,games_2000_summer,2000
event_Q25239321,games_1988_summer,1988
event_Q1205250,games_2008_summer,2008
event_Q766586,games_2002_winter,2002
event_Q850246,games_2006_winter,2006
event_Q2071152,games_2012_summer,2012
event_Q2071160,games_2012_summer,2012
event_Q1204722,games_2008_summer,2008
event_Q26208755,games_2016_summer,2016
event_Q2500292,games_2012_summer,2012
event_Q870647,games_1992_winter,1992
event_Q7662173,games_2000_summer,2000
event_Q15619183,games_2014_winter,2014
event_Q25239533,games_1988_summer,1988
event_Q4951830,games_1996_summer,1996
event_Q1005783,games_2008_summer,2008
event_Q7372012,games_2000_summer,2000
event_Q3879590,games_2000_summer,2000
event_Q1221969,games_1988_winter,1988
event_Q3628769,games_2000_summer,2000
event_Q1005640,games_1994_winter,1994
event_Q744487,games_2008_summer,2008
event_Q26233821,games_2016_summer,2016
