source,target,season
games_2012_summer,games_2008_summer,Summer
games_2010_winter,games_2006_winter,Winter
games_2012_summer,games_2008_summer,Summer
games_2016_summer,games_2012_summer,Summer
games_2008_summer,games_2004_summer,Summer
games_2004_summer,games_2000_summer,Summer
games_2008_summer,games_2004_summer,Summer
games_1992_winter,games_1988_winter,Winter
games_2000_summer,games_1996_summer,Summer
games_1984_summer,games_1984_summer,Summer
games_2014_winter,games_2010_winter,Winter
games_1996_summer,games_1992_summer,Summer
games_2016_summer,games_2012_summer,Summer
games_2008_summer,games_2004_summer,Summer
games_1994_winter,games_1992_winter,Winter
games_2000_summer,games_1996_summer,Summer
games_1988_summer,games_1984_summer,Summer
games_2008_summer,games_2004_summer,Summer
games_2002_winter,games_1998_winter,Winter
games_2006_winter,games_2002_winter,Winter
games_2012_summer,games_2008_summer,Summer
games_2012_summer,games_2008_summer,Summer
games_2008_summer,games_2004_summer,Summer
games_2016_summer,games_2012_summer,Summer
games_2012_summer,games_2008_summer,Summer
games_1992_winter,games_1988_winter,Winter
games_2000_summer,games_1992_summer,Summer
games_2014_winter,games_2010_winter,Winter
games_1988_summer,games_1984_summer,Summer
games_1996_summer,games_1992_summer,Summer
games_2008_summer,games_2004_summer,Summer
games_2000_summer,games_1996_summer,Summer
games_2000_summer,games_1996_summer,Summer
games_1988_winter,games_1984_winter,Winter
games_2000_summer,games_1996_summer,Summer
games_1994_winter,games_1992_winter,Winter
games_2008_summer,games_2004_summer,Summer
games_2016_summer,games_2012_summer,Summer
