source,target
athlete_rudolf_dombiroland_kökény,noc_hun
athlete_fernando_pimentaemanuel_silva,noc_por
athlete_martin_hollsteinandreas_ihle,noc_ger
athlete_sven_kramer,noc_ned
athlete_lee_seung_hoon,noc_kor
athlete_ivan_skobrev,noc_rus
athlete_kristin_armstrong,noc_usa
athlete_judith_arndt,noc_ger
athlete_olga_zabelinskaya,noc_rus
athlete_simone_biles,noc_usa
athlete_aly_raisman,noc_usa
athlete_aliya_mustafina,noc_rus
athlete_dayron_robles,noc_cub
athlete_david_payne,noc_usa
athlete_david_oliver,noc_usa
athlete_félix_sánchez,noc_dom
athlete_danny_mcfarlane,noc_jam
athlete_naman_keïta,noc_fra
athlete_bryan_clay,noc_usa
athlete_andrei_krauchanka,noc_blr
athlete_leonel_suárez,noc_cub
athlete_finn_christian_jagge,noc_nor
athlete_alberto_tomba,noc_ita
athlete_michael_tritscher,noc_aut
athlete_michael_johnson,noc_usa
athlete_alvin_harrison,noc_usa
athlete_gregory_haughton,noc_jam
athlete_allison_jolly_lynne_jewell,noc_usa
athlete_marit_söderström_birgitta_bengtsson,noc_swe
athlete_larisa_moskalenko_iryna_chunykhovska,noc_urs
athlete_viktor_ahn_semion_elistratov_vladimir_grigorev_ruslan_zakharov,noc_rus
athlete_eddy_alvarez_j_r_celski_chris_creveling_jordan_malone,noc_usa
athlete_chen_dequan_han_tianyu_shi_jingnan_wu_dajing,noc_chn
athlete_istván_kovács,noc_hun
athlete_arnaldo_mesa,noc_cub
athlete_vichairachanon_khadpo,noc_tha
athlete_lasha_talakhadze,noc_geo
athlete_gor_minasyan,noc_arm
athlete_irakli_turmanidze,noc_geo
athlete_kosuke_kitajima,noc_jpn
athlete_brenton_rickard,noc_aus
athlete_hugues_duboscq,noc_fra
athlete_manuela_di_centa,noc_ita
athlete_lyubov_yegorova,noc_rus
athlete_nina_gavrylyuk,noc_rus
athlete_diana_mocanu,noc_rom
athlete_roxana_maracineanu,noc_fra
athlete_miki_nakao,noc_jpn
athlete_oksen_mirzoyan,noc_urs
athlete_he_yingqiang,noc_chn
athlete_liu_shoubin,noc_chn
athlete_jin_jong_oh,noc_kor
athlete_tan_zongliang,noc_chn
athlete_vladimir_isakov,noc_rus
athlete_claudia_pechstein,noc_ger
athlete_renate_groenewold,noc_ned
athlete_cindy_klassen,noc_can
athlete_wang_meng,noc_chn
athlete_evgenia_radanova,noc_bul
athlete_anouk_leblanc_boucher,noc_can
athlete_allison_schmitt,noc_usa
athlete_camille_muffat,noc_fra
athlete_bronte_barratt,noc_aus
athlete_tyler_clary,noc_usa
athlete_ryosuke_irie,noc_jpn
athlete_ryan_lochte,noc_usa
athlete_kateřina_emmons,noc_cze
athlete_lioubov_galkina,noc_rus
athlete_snježana_pejčić,noc_cro
athlete_thomas_röhler,noc_ger
athlete_julius_yego,noc_ken
athlete_keshorn_walcott,noc_tto
athlete_fredrik_lööfmax_salminen,noc_swe
athlete_iain_percyandrew_simpson,noc_gbr
athlete_robert_scheidtbruno_prada,noc_bra
athlete_reiichi_mikatatakanori_konokenji_ogiwara,noc_jpn
athlete_knut_tore_apelandfred_børre_lundbergtrond_einar_elden,noc_nor
athlete_klaus_ofnerstefan_kreinerklaus_sulzenbacher,noc_aut
athlete_olga_brusnikinamaria_kisseleva,noc_rus
athlete_miya_tachibanamiho_takeda,noc_jpn
athlete_virginie_dedieumyriam_lignot,noc_fra
athlete_adelina_sotnikova,noc_rus
athlete_yuna_kim,noc_kor
athlete_carolina_kostner,noc_ita
athlete_joachim_kunz,noc_gdr
athlete_israel_militosyan,noc_urs
athlete_li_jinhe,noc_chn
athlete_somluck_kamsing,noc_tha
athlete_serafim_todorov,noc_bul
athlete_pablo_chacón,noc_arg
athlete_hadi_saei,noc_iri
athlete_mauro_sarmiento,noc_ita
athlete_zhu_guo,noc_chn
athlete_ekaterina_karsten,noc_blr
athlete_rumyana_neykova,noc_bul
athlete_katrin_rutschow_stomporowski,noc_ger
athlete_grant_hackett,noc_aus
athlete_kieren_perkins,noc_aus
athlete_chris_thompson,noc_usa
athlete_tamara_tikhonova,noc_urs
athlete_anfisa_reztsova,noc_urs
athlete_raisa_smetanina,noc_urs
athlete_gabriela_szabo,noc_rom
athlete_sonia_osullivan,noc_irl
athlete_gete_wami,noc_eth
athlete_thomas_stangassinger,noc_aut
athlete_alberto_tomba,noc_ita
athlete_jure_košir,noc_slo
athlete_andrey_silnov,noc_rus
athlete_germaine_mason,noc_gbr
athlete_yaroslav_rybakov,noc_rus
athlete_ruth_beitia,noc_esp
athlete_mirela_demireva,noc_bul
athlete_blanka_vlašić,noc_cro
