sport_id,name
sport_canoeing,Canoeing
sport_speed_skating,Speed skating
sport_cycling,Cycling
sport_gymnastics,Gymnastics
sport_athletics,Athletics
sport_alpine_skiing,Alpine skiing
sport_sailing,Sailing
sport_short_track_speed_skating,Short-track speed skating
sport_boxing,Boxing
sport_weightlifting,Weightlifting
sport_swimming,Swimming
sport_cross_country_skiing,Cross-country skiing
sport_shooting,Shooting
sport_nordic_combined,Nordic combined
sport_synchronized_swimming,Synchronized swimming
sport_figure_skating,Figure skating
sport_taekwondo,Taekwondo
sport_rowing,Rowing
