venue_id,name
venue_eton_dorney,Eton Dorney
venue_richmond_olympic_oval,Richmond Olympic Oval
venue_london_and_surrey,London and Surrey
venue_arena_olímpica_do_rio,Arena Olímpica do Rio
venue_beijing_national_stadium,Beijing National Stadium
venue_athens_olympic_stadium,Athens Olympic Stadium
venue_les_ménuires,Les Ménuires
venue_stadium_australia,Stadium Australia
venue_busan부산釜山,Busan부산釜山
venue_iceberg_skating_palace_sochi_russia,"Iceberg Skating Palace Sochi, Russia"
venue_alexander_memorial_coliseum,Alexander Memorial Coliseum
venue_riocentro,Riocentro
venue_beijing_national_aquatics_center,Beijing National Aquatics Center
venue_birkebeineren_ski_stadium,Birkebeineren Ski Stadium
venue_sydney_international_aquatic_centre,Sydney International Aquatic Centre
venue_olympic_weightlifting_gymnasium,Olympic Weightlifting Gymnasium
venue_beijing_shooting_range_hall,Beijing Shooting Range Hall
venue_utah_olympic_oval,Utah Olympic Oval
venue_torino_palavela,Torino Palavela
venue_london_aquatics_centre,London Aquatics Centre
venue_olympic_stadium,Olympic Stadium
venue_weymouth_and_portland_national_sailing_academy,Weymouth and Portland National Sailing Academy
venue_courchevel_ski_jumpingles_saisies_cross_country_skiing,Courchevel (ski jumping)Les Saisies (cross-country skiing)
venue_iceberg_skating_palacesochi_russia,"Iceberg Skating PalaceSochi, Russia"
venue_beijing_science_and_technology_university_gymnasium,Beijing Science and Technology University Gymnasium
venue_sydney_international_regatta_centre,Sydney International Regatta Centre
venue_canmore_nordic_centre,Canmore Nordic Centre
venue_anz_stadium,ANZ Stadium
venue_hafjell,Hafjell
venue_beijing_olympic_stadium,Beijing Olympic Stadium
