source,target,noc,win_value
event_Q303623,athlete_rudolf_dombiroland_kökény,HUN,3:09.646
event_Q607635,athlete_sven_kramer,NED,6:14.60 speed skating
event_Q939000,athlete_kristin_armstrong,USA,37:34.82
event_Q26233801,athlete_simone_biles,USA,62.198 points
event_Q743905,athlete_dayron_robles,CUB,12.93
event_Q1433269,athlete_félix_sánchez,DOM,47.63
event_Q1005784,athlete_bryan_clay,USA,8791
event_Q1005641,athlete_finn_christian_jagge,NOR,1:44.39
event_Q3628768,athlete_michael_johnson,USA,
event_Q7400295,athlete_allison_jolly_lynne_jewell,USA,
event_Q15506518,athlete_viktor_ahn_semion_elistratov_vladimir_grigorev_ruslan_zakharov,RUS,6:42.100
event_Q4951829,athlete_istván_kovács,HUN,
event_Q26212143,athlete_lasha_talakhadze,GEO,473 kg Olympic weightlifting
event_Q250187,athlete_kosuke_kitajima,JPN,2:07.64 swimming
event_Q1221945,athlete_manuela_di_centa,ITA,39:44.5
event_Q3879591,athlete_diana_mocanu,ROM,2:08.16
event_Q25239321,athlete_oksen_mirzoyan,URS,
event_Q1205250,athlete_jin_jong_oh,KOR,660.4
event_Q766586,athlete_claudia_pechstein,GER,3:57.70 WR
event_Q850246,athlete_wang_meng,CHN,
event_Q2071152,athlete_allison_schmitt,USA,1:53.61 swimming
event_Q2071160,athlete_tyler_clary,USA,1:53.41 swimming
event_Q1204722,athlete_kateřina_emmons,CZE,503.5 (OR)
event_Q26208755,athlete_thomas_röhler,GER,90.30 m
event_Q2500292,athlete_fredrik_lööfmax_salminen,SWE,
event_Q870647,athlete_reiichi_mikatatakanori_konokenji_ogiwara,JPN,Team jump: 645.1Ski time: 1:23:36.5Final time: 1:23:36.5
event_Q7662173,athlete_olga_brusnikinamaria_kisseleva,RUS,99.580
event_Q15619183,athlete_adelina_sotnikova,RUS,224.59 points
event_Q25239533,athlete_joachim_kunz,GDR,
event_Q4951830,athlete_somluck_kamsing,THA,
event_Q1005783,athlete_hadi_saei,IRI,
event_Q7372012,athlete_ekaterina_karsten,BLR,7:28.14
event_Q3879590,athlete_grant_hackett,AUS,14:48.33
event_Q1221969,athlete_tamara_tikhonova,URS,55:53.6
event_Q3628769,athlete_gabriela_szabo,ROM,14:40.79 athletics
event_Q1005640,athlete_thomas_stangassinger,AUT,2:02.02
event_Q744487,athlete_andrey_silnov,RUS,2.36
event_Q26233821,athlete_ruth_beitia,ESP,1.97 m
