source,target,noc
event_Q303623,athlete_martin_hollsteinandreas_ihle,GER
event_Q607635,athlete_ivan_skobrev,RUS
event_Q939000,athlete_olga_zabelinskaya,RUS
event_Q26233801,athlete_aliya_mustafina,RUS
event_Q743905,athlete_david_oliver,USA
event_Q1433269,athlete_naman_keïta,FRA
event_Q1005784,athlete_leonel_suárez,CUB
event_Q1005641,athlete_michael_tritscher,AUT
event_Q3628768,athlete_gregory_haughton,JAM
event_Q7400295,athlete_larisa_moskalenko_iryna_chunykhovska,URS
event_Q15506518,athlete_chen_dequan_han_tianyu_shi_jingnan_wu_dajing,CHN
event_Q4951829,athlete_vichairachanon_khadpo,THA
event_Q26212143,athlete_irakli_turmanidze,GEO
event_Q250187,athlete_hugues_duboscq,FRA
event_Q1221945,athlete_nina_gavrylyuk,RUS
event_Q3879591,athlete_miki_nakao,JPN
event_Q25239321,athlete_liu_shoubin,CHN
event_Q1205250,athlete_vladimir_isakov,RUS
event_Q766586,athlete_cindy_klassen,CAN
event_Q850246,athlete_anouk_leblanc_boucher,CAN
event_Q2071152,athlete_bronte_barratt,AUS
event_Q2071160,athlete_ryan_lochte,USA
event_Q1204722,athlete_snježana_pejčić,CRO
event_Q26208755,athlete_keshorn_walcott,TTO
event_Q2500292,athlete_robert_scheidtbruno_prada,BRA
event_Q870647,athlete_klaus_ofnerstefan_kreinerklaus_sulzenbacher,AUT
event_Q7662173,athlete_virginie_dedieumyriam_lignot,FRA
event_Q15619183,athlete_carolina_kostner,ITA
event_Q25239533,athlete_li_jinhe,CHN
event_Q4951830,athlete_pablo_chacón,ARG
event_Q1005783,athlete_zhu_guo,CHN
event_Q7372012,athlete_katrin_rutschow_stomporowski,GER
event_Q3879590,athlete_chris_thompson,USA
event_Q1221969,athlete_raisa_smetanina,URS
event_Q3628769,athlete_gete_wami,ETH
event_Q1005640,athlete_jure_košir,SLO
event_Q744487,athlete_yaroslav_rybakov,RUS
event_Q26233821,athlete_blanka_vlašić,CRO
