noc_code,name
noc_hun,HUN
noc_por,POR
noc_ger,GER
noc_ned,NED
noc_kor,KOR
noc_rus,RUS
noc_usa,USA
noc_cub,CUB
noc_dom,DOM
noc_jam,JAM
noc_fra,FRA
noc_blr,BLR
noc_nor,NOR
noc_ita,ITA
noc_aut,AUT
noc_swe,SWE
noc_urs,URS
noc_chn,CHN
noc_tha,THA
noc_geo,GEO
noc_arm,ARM
noc_jpn,JPN
noc_aus,AUS
noc_rom,ROM
noc_can,CAN
noc_bul,BUL
noc_cze,CZE
noc_cro,CRO
noc_ken,KEN
noc_tto,TTO
noc_gbr,GBR
noc_bra,BRA
noc_gdr,GDR
noc_arg,ARG
noc_iri,IRI
noc_irl,IRL
noc_eth,ETH
noc_slo,SLO
noc_esp,ESP
noc_bot,BOT
noc_brn,BRN
noc_rsa,RSA
noc_tun,TUN
noc_nzl,NZL
noc_srb,SRB
noc_aze,AZE
noc_ukr,UKR
noc_sui,SUI
noc_prk,PRK
noc_civ,CIV
noc_zim,ZIM
noc_kaz,KAZ
noc_col,COL
noc_bel,BEL
noc_den,DEN
noc_pol,POL
noc_mas,MAS
noc_ven,VEN
noc_mex,MEX
noc_tur,TUR
noc_rou,ROU
noc_alg,ALG
noc_gre,GRE
noc_svk,SVK
noc_grn,GRN
noc_gua,GUA
noc_mgl,MGL
noc_roc,ROC
noc_kos,KOS
noc_oar,OAR
noc_qat,QAT
noc_bah,BAH
noc_isr,ISR
noc_mar,MAR
noc_tpe,TPE
noc_tjk,TJK
noc_uzb,UZB
noc_pur,PUR
noc_uga,UGA
noc_ind,IND
noc_ina,INA
noc_tri,TRI
noc_fin,FIN
noc_ltu,LTU
noc_lat,LAT
noc_est,EST
noc_vie,VIE
noc_ioa,IOA
noc_cyp,CYP
noc_egy,EGY
noc_nig,NIG
noc_frg,FRG
noc_sin,SIN
noc_yug,YUG
noc_eun,EUN
noc_crc,CRC
noc_kgz,KGZ
noc_isv,ISV
noc_uae,UAE
noc_afg,AFG
noc_lux,LUX
noc_phi,PHI
noc_cmr,CMR
noc_aho,AHO
noc_sam,SAM
noc_ngr,NGR
noc_ber,BER
noc_chi,CHI
noc_jor,JOR
noc_ksa,KSA
noc_tch,TCH
noc_pan,PAN
noc_uru,URU
noc_sur,SUR
noc_kuw,KUW
noc_hkg,HKG
noc_eri,ERI
noc_ecu,ECU
noc_isl,ISL
noc_mda,MDA
noc_gab,GAB
noc_bar,BAR
noc_tga,TGA
noc_sud,SUD
noc_per,PER
noc_iop,IOP
noc_pak,PAK
noc_moz,MOZ
noc_nam,NAM
noc_sri,SRI
noc_sen,SEN
noc_dji,DJI
noc_syr,SYR
noc_mkd,MKD
noc_lie,LIE
noc_scg,SCG
